PATH;VARIABLE_NAME;RELAY_NAME;CB_PATH;TYPE_BT;TYPE_MPU;BOOLEAN;INIT_VALUE;ID_REF;X_POS_I;X_CENTER;X_POS_F;Y_POS_I;Y_CENTER;Y_POS_F
LOCATION, INTERFACE;Ai_IVc2Ca1TempTfp;PT100_1_VC2;;REAL;INT;0;9000.0;Var0;120;160;200;80;100;120
LOCATION, INTERFACE;Ai_IVc2Ca2TempTfp;PT100_1_VC2;;REAL;INT;0;9000.0;Var1;360;400;440;80;100;120
LOCATION, INTERFACE;Ai_IVe1Ca1TempTfp;PT100_1_VE1;;REAL;INT;0;9000.0;Var2;120;160;200;160;180;200
LOCATION, INTERFACE;Ai_IVe1Ca2TempTfp;PT100_1_VE1;;REAL;INT;0;9000.0;Var3;360;400;440;160;180;200
LOCATION, INTERFACE;Ai_IVe2Ca1TempTfp;PT100_1_VE2;;REAL;INT;0;9000.0;Var4;120;160;200;240;260;280
LOCATION, INTERFACE;Ai_IVe2Ca2TempTfp;PT100_1_VE2;;REAL;INT;0;9000.0;Var5;360;400;440;240;260;280
LOCATION, INTERFACE;Ai_IVi2Ca1TempTfp;PT100_1_VI2;;REAL;INT;0;9000.0;Var6;120;160;200;320;340;360
LOCATION, INTERFACE;Ai_IVi2Ca2TempTfp;PT100_1_VI2;;REAL;INT;0;9000.0;Var7;360;400;440;320;340;360
LOCATION, INTERFACE;Ai_IViuCa1HvDtcd;Capteur1;;REAL;INT;0;9000.0;Var8;120;160;200;400;420;440
LOCATION, INTERFACE;Ai_IViuCa1TempTfp;PT100_1_VIUFR;;REAL;INT;0;9000.0;Var9;360;400;440;400;420;440
LOCATION, INTERFACE;Ai_IViuCa2HvDtcd;Capteur2;;REAL;INT;0;9000.0;Var10;120;160;200;480;500;520
LOCATION, INTERFACE;Ai_IViuCa2TempTfp;PT100_2_VIUFR;;REAL;INT;0;9000.0;Var11;360;400;440;480;500;520
LOCATION, INTERFACE;Li_IVc1CcQtR1;CC_DET_QT;cde_gen_dj_qt/VE1/;BOOL;BOOL;1;TRUE;Var12;120;160;200;560;580;600
LOCATION, INTERFACE;Li_IVc1CcQtR2;CC_DET_QT;cde_gen_dj_qt/VE1/;BOOL;BOOL;1;TRUE;Var13;360;400;440;560;580;600
LOCATION, INTERFACE;Li_IVc1ZIsGrog1;Z_IS_GROG1_VC1;;DINT;BOOL;1;2;Var14;120;160;200;640;660;680
LOCATION, INTERFACE;Li_IVc1ZIsGrog2;Z_IS_GROG2_VC1;;DINT;BOOL;1;2;Var15;360;400;440;640;660;680
LOCATION, INTERFACE;Li_IVc2C1VtGvTfpR1;C1_VT_GV_TFP;cde_tfp/VC2/;BOOL;BOOL;1;TRUE;Var16;120;160;200;720;740;760
LOCATION, INTERFACE;Li_IVc2C1VtGvTfpR2;C1_VT_GV_TFP;cde_tfp/VC2/;BOOL;BOOL;1;TRUE;Var17;360;400;440;720;740;760
LOCATION, INTERFACE;Li_IVc2C2VtGvTfpR1;C2_VT_GV_TFP;cde_tfp/VC2/;BOOL;BOOL;1;TRUE;Var18;120;160;200;800;820;840
LOCATION, INTERFACE;Li_IVc2C2VtGvTfpR2;C2_VT_GV_TFP;cde_tfp/VC2/;BOOL;BOOL;1;TRUE;Var19;360;400;440;800;820;840
LOCATION, INTERFACE;Li_IVc2CcIsPtR1;CC_IS_PT;isol_dj/f05p_ve1_isol_dj/;BOOL;BOOL;1;TRUE;Var20;120;160;200;880;900;920
LOCATION, INTERFACE;Li_IVc2CcIsPtR2;CC_IS_PT;isol_dj/f05p_ve1_isol_dj/;BOOL;BOOL;1;TRUE;Var21;360;400;440;880;900;920
LOCATION, INTERFACE;Li_IVc2CcMPhTfpR1;CC_M_PH_TFP;puis_tfp/f05v_ve1_puis_tfp/;BOOL;BOOL;1;TRUE;Var22;120;160;200;960;980;1000
LOCATION, INTERFACE;Li_IVc2CcMPhTfpR2;CC_M_PH_TFP;puis_tfp/f05v_ve1_puis_tfp/;BOOL;BOOL;1;TRUE;Var23;360;400;440;960;980;1000
LOCATION, INTERFACE;Li_IVc2CcTfpR1;CC_TFP;sec_tfp/VE1/;BOOL;BOOL;1;TRUE;Var24;120;160;200;1040;1060;1080
LOCATION, INTERFACE;Li_IVc2CcTfpR2;CC_TFP;sec_tfp/VE1/;BOOL;BOOL;1;TRUE;Var25;360;400;440;1040;1060;1080
LOCATION, INTERFACE;Li_IVc2CcVtGvTfpR1;CC_VT_GV_TFP;puis_tfp/f05v_ve1_puis_tfp/;BOOL;BOOL;1;TRUE;Var26;120;160;200;1120;1140;1160
LOCATION, INTERFACE;Li_IVc2CcVtGvTfpR2;CC_VT_GV_TFP;puis_tfp/f05v_ve1_puis_tfp/;BOOL;BOOL;1;TRUE;Var27;360;400;440;1120;1140;1160
LOCATION, INTERFACE;Li_IVc2CcVtPvTfpR1;CC_VT_PV_TFP;puis_tfp/f05v_ve1_puis_tfp/;BOOL;BOOL;1;TRUE;Var28;120;160;200;1200;1220;1240
LOCATION, INTERFACE;Li_IVc2CcVtPvTfpR2;CC_VT_PV_TFP;puis_tfp/f05v_ve1_puis_tfp/;BOOL;BOOL;1;TRUE;Var29;360;400;440;1200;1220;1240
LOCATION, INTERFACE;Li_IVc2CcVtTfpR1;CC_VT_TFP;cde_tfp/VC2/;BOOL;BOOL;1;TRUE;Var30;120;160;200;1280;1300;1320
LOCATION, INTERFACE;Li_IVc2CcVtTfpR2;CC_VT_TFP;cde_tfp/VC2/;BOOL;BOOL;1;TRUE;Var31;360;400;440;1280;1300;1320
LOCATION, INTERFACE;Li_IVc2CMPhTfpR1;C_M_PH_TFP;cde_tfp/VC2/;BOOL;BOOL;1;TRUE;Var32;120;160;200;1360;1380;1400
LOCATION, INTERFACE;Li_IVc2CMPhTfpR2;C_M_PH_TFP;cde_tfp/VC2/;BOOL;BOOL;1;TRUE;Var33;360;400;440;1360;1380;1400
LOCATION, INTERFACE;Li_IVc2CVtPvTfpR1;C_VT_PV_TFP;cde_tfp/VC2/;BOOL;BOOL;1;TRUE;Var34;120;160;200;1440;1460;1480
LOCATION, INTERFACE;Li_IVc2CVtPvTfpR2;C_VT_PV_TFP;cde_tfp/VC2/;BOOL;BOOL;1;TRUE;Var35;360;400;440;1440;1460;1480
LOCATION, INTERFACE;Li_IVc2DjSiDfTfpR1;DJ_SI_DF_TFP;sec_tfp/VE1/;BOOL;BOOL;1;TRUE;Var36;120;160;200;1520;1540;1560
LOCATION, INTERFACE;Li_IVc2DjSiDfTfpR2;DJ_SI_DF_TFP;sec_tfp/VE1/;BOOL;BOOL;1;TRUE;Var37;360;400;440;1520;1540;1560
LOCATION, INTERFACE;Li_IVc2QDfCiTfpR1;Q_DF_CI_TFP;sec_tfp/VE1/;BOOL;BOOL;1;TRUE;Var38;120;160;200;1600;1620;1640
LOCATION, INTERFACE;Li_IVc2QDfCiTfpR2;Q_DF_CI_TFP;sec_tfp/VE1/;BOOL;BOOL;1;TRUE;Var39;360;400;440;1600;1620;1640
LOCATION, INTERFACE;Li_IVc2QDfTfpR1;Q_DF_TFP;sec_tfp/VE1/;BOOL;BOOL;1;TRUE;Var40;120;160;200;1680;1700;1720
LOCATION, INTERFACE;Li_IVc2QDfTfpR2;Q_DF_TFP;sec_tfp/VE1/;BOOL;BOOL;1;TRUE;Var41;360;400;440;1680;1700;1720
LOCATION, INTERFACE;Li_IVc2QMiTfpR1;Q_MH_TFP;sec_tfp/VE1/;BOOL;BOOL;1;TRUE;Var42;120;160;200;1760;1780;1800
LOCATION, INTERFACE;Li_IVc2QMiTfpR2;Q_MH_TFP;sec_tfp/VE1/;BOOL;BOOL;1;TRUE;Var43;360;400;440;1760;1780;1800
LOCATION, INTERFACE;Li_IVc2QqC30R1;QQ_C_30;palpage/VC2/;BOOL;BOOL;1;TRUE;Var44;120;160;200;1840;1860;1880
LOCATION, INTERFACE;Li_IVc2QqC30R2;QQ_C_30;palpage/VC2/;BOOL;BOOL;1;TRUE;Var45;360;400;440;1840;1860;1880
LOCATION, INTERFACE;Li_IVe1BpUrgPtDe;BP_URG_PT_DE_VE1;;BOOL;BOOL;1;TRUE;Var46;120;160;200;1920;1940;1960
LOCATION, INTERFACE;Li_IVe1C1VtGvTfpR1;C1_VT_GV_TFP;cde_tfp/VC2/;BOOL;BOOL;1;TRUE;Var47;360;400;440;1920;1940;1960
LOCATION, INTERFACE;Li_IVe1C1VtGvTfpR2;C1_VT_GV_TFP;cde_tfp/VC2/;BOOL;BOOL;1;TRUE;Var48;120;160;200;2000;2020;2040
LOCATION, INTERFACE;Li_IVe1C2VtGvTfpR1;C2_VT_GV_TFP;cde_tfp/VC2/;BOOL;BOOL;1;TRUE;Var49;360;400;440;2000;2020;2040
LOCATION, INTERFACE;Li_IVe1C2VtGvTfpR2;C2_VT_GV_TFP;cde_tfp/VC2/;BOOL;BOOL;1;TRUE;Var50;120;160;200;2080;2100;2120
LOCATION, INTERFACE;Li_IVe1CcDmrGrogR1;CC_DMR_GROG;dem_arret_mot_diesel/VE1/;BOOL;BOOL;1;TRUE;Var51;360;400;440;2080;2100;2120
LOCATION, INTERFACE;Li_IVe1CcDmrGrogR2;CC_DMR_GROG;dem_arret_mot_diesel/VE1/;BOOL;BOOL;1;TRUE;Var52;120;160;200;2160;2180;2200
LOCATION, INTERFACE;Li_IVe1CcMaSuPtR1;CC_MA_SU_PT;cde_panto/VE1/;BOOL;BOOL;1;TRUE;Var53;360;400;440;2160;2180;2200
LOCATION, INTERFACE;Li_IVe1CcMaSuPtR2;CC_MA_SU_PT;cde_panto/VE1/;BOOL;BOOL;1;TRUE;Var54;120;160;200;2240;2260;2280
LOCATION, INTERFACE;Li_IVe1CcMPhTfpR1;CC_M_PH_TFP;puis_tfp/f05v_ve1_puis_tfp/;BOOL;BOOL;1;TRUE;Var55;360;400;440;2240;2260;2280
LOCATION, INTERFACE;Li_IVe1CcMPhTfpR2;CC_M_PH_TFP;puis_tfp/f05v_ve1_puis_tfp/;BOOL;BOOL;1;TRUE;Var56;120;160;200;2320;2340;2360
LOCATION, INTERFACE;Li_IVe1CcQtR1;CC_DET_QT;cde_gen_dj_qt/VE1/;BOOL;BOOL;1;TRUE;Var57;360;400;440;2320;2340;2360
LOCATION, INTERFACE;Li_IVe1CcQtR2;CC_DET_QT;cde_gen_dj_qt/VE1/;BOOL;BOOL;1;TRUE;Var58;120;160;200;2400;2420;2440
LOCATION, INTERFACE;Li_IVe1CcTfpR1;CC_TFP;sec_tfp/VE1/;BOOL;BOOL;1;TRUE;Var59;360;400;440;2400;2420;2440
LOCATION, INTERFACE;Li_IVe1CcTfpR2;CC_TFP;sec_tfp/VE1/;BOOL;BOOL;1;TRUE;Var60;120;160;200;2480;2500;2520
LOCATION, INTERFACE;Li_IVe1CcVtGvTfpR1;CC_VT_GV_TFP;puis_tfp/f05v_ve1_puis_tfp/;BOOL;BOOL;1;TRUE;Var61;360;400;440;2480;2500;2520
LOCATION, INTERFACE;Li_IVe1CcVtGvTfpR2;CC_VT_GV_TFP;puis_tfp/f05v_ve1_puis_tfp/;BOOL;BOOL;1;TRUE;Var62;120;160;200;2560;2580;2600
LOCATION, INTERFACE;Li_IVe1CcVtPvTfpR1;CC_VT_PV_TFP;puis_tfp/f05v_ve1_puis_tfp/;BOOL;BOOL;1;TRUE;Var63;360;400;440;2560;2580;2600
LOCATION, INTERFACE;Li_IVe1CcVtPvTfpR2;CC_VT_PV_TFP;puis_tfp/f05v_ve1_puis_tfp/;BOOL;BOOL;1;TRUE;Var64;120;160;200;2640;2660;2680
LOCATION, INTERFACE;Li_IVe1CcVtTfpR1;CC_VT_TFP;cde_tfp/VC2/;BOOL;BOOL;1;TRUE;Var65;360;400;440;2640;2660;2680
LOCATION, INTERFACE;Li_IVe1CcVtTfpR2;CC_VT_TFP;cde_tfp/VC2/;BOOL;BOOL;1;TRUE;Var66;120;160;200;2720;2740;2760
LOCATION, INTERFACE;Li_IVe1CMPhTfpR1;C_M_PH_TFP;cde_tfp/VC2/;BOOL;BOOL;1;TRUE;Var67;360;400;440;2720;2740;2760
LOCATION, INTERFACE;Li_IVe1CMPhTfpR2;C_M_PH_TFP;cde_tfp/VC2/;BOOL;BOOL;1;TRUE;Var68;120;160;200;2800;2820;2840
LOCATION, INTERFACE;Li_IVe1CVtPvTfpR1;C_VT_PV_TFP;cde_tfp/VC2/;BOOL;BOOL;1;TRUE;Var69;360;400;440;2800;2820;2840
LOCATION, INTERFACE;Li_IVe1CVtPvTfpR2;C_VT_PV_TFP;cde_tfp/VC2/;BOOL;BOOL;1;TRUE;Var70;120;160;200;2880;2900;2920
LOCATION, INTERFACE;Li_IVe1DjSiDfTfpR1;DJ_SI_DF_TFP;sec_tfp/VE1/;BOOL;BOOL;1;TRUE;Var71;360;400;440;2880;2900;2920
LOCATION, INTERFACE;Li_IVe1DjSiDfTfpR2;DJ_SI_DF_TFP;sec_tfp/VE1/;BOOL;BOOL;1;TRUE;Var72;120;160;200;2960;2980;3000
LOCATION, INTERFACE;Li_IVe1HvsQ1MtDjR1;Q1_MT_DJ;cde_gen_dj_qt/VE1/;BOOL;BOOL;1;TRUE;Var73;360;400;440;2960;2980;3000
LOCATION, INTERFACE;Li_IVe1HvsQ1MtDjR2;Q1_MT_DJ;cde_gen_dj_qt/VE1/;BOOL;BOOL;1;TRUE;Var74;120;160;200;3040;3060;3080
LOCATION, INTERFACE;Li_IVe1HvsQ2MtDjR1;Q2_MT_DJ;cde_gen_dj_qt/VE1/;BOOL;BOOL;1;TRUE;Var75;360;400;440;3040;3060;3080
LOCATION, INTERFACE;Li_IVe1HvsQ2MtDjR2;Q2_MT_DJ;cde_gen_dj_qt/VE1/;BOOL;BOOL;1;TRUE;Var76;120;160;200;3120;3140;3160
LOCATION, INTERFACE;Li_IVe1HvsQ3MtDjR1;Q3_MT_DJ;cde_gen_dj_qt/VE1/;BOOL;BOOL;1;TRUE;Var77;360;400;440;3120;3140;3160
LOCATION, INTERFACE;Li_IVe1HvsQ3MtDjR2;Q3_MT_DJ;cde_gen_dj_qt/VE1/;BOOL;BOOL;1;TRUE;Var78;120;160;200;3200;3220;3240
LOCATION, INTERFACE;Li_IVe1HvsQ4MtDjR1;Q4_MT_DJ;cde_gen_dj_qt/VE1/;BOOL;BOOL;1;TRUE;Var79;360;400;440;3200;3220;3240
LOCATION, INTERFACE;Li_IVe1HvsQ4MtDjR2;Q4_MT_DJ;cde_gen_dj_qt/VE1/;BOOL;BOOL;1;TRUE;Var80;120;160;200;3280;3300;3320
LOCATION, INTERFACE;Li_IVe1Q1MtR1;Q1_MT;cde_gen_dj_qt_bimode/VE1/;BOOL;BOOL;1;TRUE;Var81;360;400;440;3280;3300;3320
LOCATION, INTERFACE;Li_IVe1Q1MtR2;Q1_MT;cde_gen_dj_qt_bimode/VE1/;BOOL;BOOL;1;TRUE;Var82;120;160;200;3360;3380;3400
LOCATION, INTERFACE;Li_IVe1QDetQtR1;Q_DET_QT;cde_gen_dj_qt/VE1/;BOOL;BOOL;1;TRUE;Var83;360;400;440;3360;3380;3400
LOCATION, INTERFACE;Li_IVe1QDetQtR2;Q_DET_QT;cde_gen_dj_qt/VE1/;BOOL;BOOL;1;TRUE;Var84;120;160;200;3440;3460;3480
LOCATION, INTERFACE;Li_IVe1QDfCiTfpR1;Q_DF_CI_TFP;sec_tfp/VE1/;BOOL;BOOL;1;TRUE;Var85;360;400;440;3440;3460;3480
LOCATION, INTERFACE;Li_IVe1QDfCiTfpR2;Q_DF_CI_TFP;sec_tfp/VE1/;BOOL;BOOL;1;TRUE;Var86;120;160;200;3520;3540;3560
LOCATION, INTERFACE;Li_IVe1QDfTfpR1;Q_DF_TFP;sec_tfp/VE1/;BOOL;BOOL;1;TRUE;Var87;360;400;440;3520;3540;3560
LOCATION, INTERFACE;Li_IVe1QDfTfpR2;Q_DF_TFP;sec_tfp/VE1/;BOOL;BOOL;1;TRUE;Var88;120;160;200;3600;3620;3640
LOCATION, INTERFACE;Li_IVe1QFrR1;Q_FR;cde_gen_dj_qt_bimode/VE1/;BOOL;BOOL;1;TRUE;Var89;360;400;440;3600;3620;3640
LOCATION, INTERFACE;Li_IVe1QFrR2;Q_FR;cde_gen_dj_qt_bimode/VE1/;BOOL;BOOL;1;TRUE;Var90;120;160;200;3680;3700;3720
LOCATION, INTERFACE;Li_IVe1QMiTfpR1;Q_MH_TFP;sec_tfp/VE1/;BOOL;BOOL;1;TRUE;Var91;360;400;440;3680;3700;3720
LOCATION, INTERFACE;Li_IVe1QMiTfpR2;Q_MH_TFP;sec_tfp/VE1/;BOOL;BOOL;1;TRUE;Var92;120;160;200;3760;3780;3800
LOCATION, INTERFACE;Li_IVe1QSecTfpR1;Q_SEC_TFP;sec_tfp/VE1/;BOOL;BOOL;1;TRUE;Var93;360;400;440;3760;3780;3800
LOCATION, INTERFACE;Li_IVe1QSecTfpR2;Q_SEC_TFP;sec_tfp/VE1/;BOOL;BOOL;1;TRUE;Var94;120;160;200;3840;3860;3880
LOCATION, INTERFACE;Li_IVe1QZDePtR1;Q_Z_DE_PT;cde_panto/VE1/;BOOL;BOOL;1;TRUE;Var95;360;400;440;3840;3860;3880
LOCATION, INTERFACE;Li_IVe1QZDePtR2;Q_Z_DE_PT;cde_panto/VE1/;BOOL;BOOL;1;TRUE;Var96;120;160;200;3920;3940;3960
LOCATION, INTERFACE;Li_IVe1QZPtMtR1;Q_Z_MO_PT;cde_panto/VE1/;BOOL;BOOL;1;TRUE;Var97;360;400;440;3920;3940;3960
LOCATION, INTERFACE;Li_IVe1QZPtMtR2;Q_Z_MO_PT;cde_panto/VE1/;BOOL;BOOL;1;TRUE;Var98;120;160;200;4000;4020;4040
LOCATION, INTERFACE;Li_IVe1QZPtR1;Q_Z_PT;cde_panto/VE1/;BOOL;BOOL;1;TRUE;Var99;360;400;440;4000;4020;4040
LOCATION, INTERFACE;Li_IVe1QZPtR2;Q_Z_PT;cde_panto/VE1/;BOOL;BOOL;1;TRUE;Var100;120;160;200;4080;4100;4120
LOCATION, INTERFACE;Li_IVe1QZStartGrog;Q_Z_DMR_A_GROG;dem_arret_mot_diesel/VE1/;BOOL;BOOL;1;TRUE;Var101;360;400;440;4080;4100;4120
LOCATION, INTERFACE;Li_IVe1ZIsGrog1;Z_IS_GROG1_VE1;;DINT;BOOL;1;2;Var102;120;160;200;4160;4180;4200
LOCATION, INTERFACE;Li_IVe1ZIsGrog2;Z_IS_GROG2_VE1;;DINT;BOOL;1;2;Var103;360;400;440;4160;4180;4200
LOCATION, INTERFACE;Li_IVe1ZStopGrog;Z_DMR_A_GROG_VE1;;DINT;BOOL;1;3;Var104;120;160;200;4240;4260;4280
LOCATION, INTERFACE;Li_IVe2BpUrgPtDe;BP_URG_PT_DE_VE2;;BOOL;BOOL;1;TRUE;Var105;360;400;440;4240;4260;4280
LOCATION, INTERFACE;Li_IVe2C1VtGvTfpR1;C1_VT_GV_TFP;cde_tfp/VC2/;BOOL;BOOL;1;TRUE;Var106;120;160;200;4320;4340;4360
LOCATION, INTERFACE;Li_IVe2C1VtGvTfpR2;C1_VT_GV_TFP;cde_tfp/VC2/;BOOL;BOOL;1;TRUE;Var107;360;400;440;4320;4340;4360
LOCATION, INTERFACE;Li_IVe2C2VtGvTfpR1;C2_VT_GV_TFP;cde_tfp/VC2/;BOOL;BOOL;1;TRUE;Var108;120;160;200;4400;4420;4440
LOCATION, INTERFACE;Li_IVe2C2VtGvTfpR2;C2_VT_GV_TFP;cde_tfp/VC2/;BOOL;BOOL;1;TRUE;Var109;360;400;440;4400;4420;4440
LOCATION, INTERFACE;Li_IVe2CcDmrGrogR1;CC_DMR_GROG;dem_arret_mot_diesel/VE1/;BOOL;BOOL;1;TRUE;Var110;120;160;200;4480;4500;4520
LOCATION, INTERFACE;Li_IVe2CcDmrGrogR2;CC_DMR_GROG;dem_arret_mot_diesel/VE1/;BOOL;BOOL;1;TRUE;Var111;360;400;440;4480;4500;4520
LOCATION, INTERFACE;Li_IVe2CcMaSuPt2;CC_MA_SU_PT;cde_panto/VE1/;BOOL;BOOL;1;TRUE;Var112;120;160;200;4560;4580;4600
LOCATION, INTERFACE;Li_IVe2CcMaSuPtR1;CC_MA_SU_PT;cde_panto/VE1/;BOOL;BOOL;1;TRUE;Var113;360;400;440;4560;4580;4600
LOCATION, INTERFACE;Li_IVe2CcMPhTfpR1;CC_M_PH_TFP;puis_tfp/f05v_ve1_puis_tfp/;BOOL;BOOL;1;TRUE;Var114;120;160;200;4640;4660;4680
LOCATION, INTERFACE;Li_IVe2CcMPhTfpR2;CC_M_PH_TFP;puis_tfp/f05v_ve1_puis_tfp/;BOOL;BOOL;1;TRUE;Var115;360;400;440;4640;4660;4680
LOCATION, INTERFACE;Li_IVe2CcQtR1;CC_DET_QT;cde_gen_dj_qt/VE1/;BOOL;BOOL;1;TRUE;Var116;120;160;200;4720;4740;4760
LOCATION, INTERFACE;Li_IVe2CcQtR2;CC_DET_QT;cde_gen_dj_qt/VE1/;BOOL;BOOL;1;TRUE;Var117;360;400;440;4720;4740;4760
LOCATION, INTERFACE;Li_IVe2CcTfpR1;CC_TFP;sec_tfp/VE1/;BOOL;BOOL;1;TRUE;Var118;120;160;200;4800;4820;4840
LOCATION, INTERFACE;Li_IVe2CcTfpR2;CC_TFP;sec_tfp/VE1/;BOOL;BOOL;1;TRUE;Var119;360;400;440;4800;4820;4840
LOCATION, INTERFACE;Li_IVe2CcVtGvTfpR1;CC_VT_GV_TFP;puis_tfp/f05v_ve1_puis_tfp/;BOOL;BOOL;1;TRUE;Var120;120;160;200;4880;4900;4920
LOCATION, INTERFACE;Li_IVe2CcVtGvTfpR2;CC_VT_GV_TFP;puis_tfp/f05v_ve1_puis_tfp/;BOOL;BOOL;1;TRUE;Var121;360;400;440;4880;4900;4920
LOCATION, INTERFACE;Li_IVe2CcVtPvTfpR1;CC_VT_PV_TFP;puis_tfp/f05v_ve1_puis_tfp/;BOOL;BOOL;1;TRUE;Var122;120;160;200;4960;4980;5000
LOCATION, INTERFACE;Li_IVe2CcVtPvTfpR2;CC_VT_PV_TFP;puis_tfp/f05v_ve1_puis_tfp/;BOOL;BOOL;1;TRUE;Var123;360;400;440;4960;4980;5000
LOCATION, INTERFACE;Li_IVe2CcVtTfpR1;CC_VT_TFP;cde_tfp/VC2/;BOOL;BOOL;1;TRUE;Var124;120;160;200;5040;5060;5080
LOCATION, INTERFACE;Li_IVe2CcVtTfpR2;CC_VT_TFP;cde_tfp/VC2/;BOOL;BOOL;1;TRUE;Var125;360;400;440;5040;5060;5080
LOCATION, INTERFACE;Li_IVe2CMPhTfpR1;C_M_PH_TFP;cde_tfp/VC2/;BOOL;BOOL;1;TRUE;Var126;120;160;200;5120;5140;5160
LOCATION, INTERFACE;Li_IVe2CMPhTfpR2;C_M_PH_TFP;cde_tfp/VC2/;BOOL;BOOL;1;TRUE;Var127;360;400;440;5120;5140;5160
LOCATION, INTERFACE;Li_IVe2CVtPvTfpR1;C_VT_PV_TFP;cde_tfp/VC2/;BOOL;BOOL;1;TRUE;Var128;120;160;200;5200;5220;5240
LOCATION, INTERFACE;Li_IVe2CVtPvTfpR2;C_VT_PV_TFP;cde_tfp/VC2/;BOOL;BOOL;1;TRUE;Var129;360;400;440;5200;5220;5240
LOCATION, INTERFACE;Li_IVe2DjSiDfTfpR1;DJ_SI_DF_TFP;sec_tfp/VE1/;BOOL;BOOL;1;TRUE;Var130;120;160;200;5280;5300;5320
LOCATION, INTERFACE;Li_IVe2DjSiDfTfpR2;DJ_SI_DF_TFP;sec_tfp/VE1/;BOOL;BOOL;1;TRUE;Var131;360;400;440;5280;5300;5320
LOCATION, INTERFACE;Li_IVe2HvsQ1MtDjR1;Q1_MT_DJ;cde_gen_dj_qt/VE1/;BOOL;BOOL;1;TRUE;Var132;120;160;200;5360;5380;5400
LOCATION, INTERFACE;Li_IVe2HvsQ1MtDjR2;Q1_MT_DJ;cde_gen_dj_qt/VE1/;BOOL;BOOL;1;TRUE;Var133;360;400;440;5360;5380;5400
LOCATION, INTERFACE;Li_IVe2HvsQ2MtDjR1;Q2_MT_DJ;cde_gen_dj_qt/VE1/;BOOL;BOOL;1;TRUE;Var134;120;160;200;5440;5460;5480
LOCATION, INTERFACE;Li_IVe2HvsQ2MtDjR2;Q2_MT_DJ;cde_gen_dj_qt/VE1/;BOOL;BOOL;1;TRUE;Var135;360;400;440;5440;5460;5480
LOCATION, INTERFACE;Li_IVe2HvsQ3MtDjR1;Q3_MT_DJ;cde_gen_dj_qt/VE1/;BOOL;BOOL;1;TRUE;Var136;120;160;200;5520;5540;5560
LOCATION, INTERFACE;Li_IVe2HvsQ3MtDjR2;Q3_MT_DJ;cde_gen_dj_qt/VE1/;BOOL;BOOL;1;TRUE;Var137;360;400;440;5520;5540;5560
LOCATION, INTERFACE;Li_IVe2HvsQ4MtDjR1;Q4_MT_DJ;cde_gen_dj_qt/VE1/;BOOL;BOOL;1;TRUE;Var138;120;160;200;5600;5620;5640
LOCATION, INTERFACE;Li_IVe2HvsQ4MtDjR2;Q4_MT_DJ;cde_gen_dj_qt/VE1/;BOOL;BOOL;1;TRUE;Var139;360;400;440;5600;5620;5640
LOCATION, INTERFACE;Li_IVe2Q1MtR1;Q1_MT;cde_gen_dj_qt_bimode/VE1/;BOOL;BOOL;1;TRUE;Var140;120;160;200;5680;5700;5720
LOCATION, INTERFACE;Li_IVe2Q1MtR2;Q1_MT;cde_gen_dj_qt_bimode/VE1/;BOOL;BOOL;1;TRUE;Var141;360;400;440;5680;5700;5720
LOCATION, INTERFACE;Li_IVe2QDetQtR1;Q_DET_QT;cde_gen_dj_qt/VE1/;BOOL;BOOL;1;TRUE;Var142;120;160;200;5760;5780;5800
LOCATION, INTERFACE;Li_IVe2QDetQtR2;Q_DET_QT;cde_gen_dj_qt/VE1/;BOOL;BOOL;1;TRUE;Var143;360;400;440;5760;5780;5800
LOCATION, INTERFACE;Li_IVe2QDfCiTfpR1;Q_DF_CI_TFP;sec_tfp/VE1/;BOOL;BOOL;1;TRUE;Var144;120;160;200;5840;5860;5880
LOCATION, INTERFACE;Li_IVe2QDfCiTfpR2;Q_DF_CI_TFP;sec_tfp/VE1/;BOOL;BOOL;1;TRUE;Var145;360;400;440;5840;5860;5880
LOCATION, INTERFACE;Li_IVe2QDfTfpR1;Q_DF_TFP;sec_tfp/VE1/;BOOL;BOOL;1;TRUE;Var146;120;160;200;5920;5940;5960
LOCATION, INTERFACE;Li_IVe2QDfTfpR2;Q_DF_TFP;sec_tfp/VE1/;BOOL;BOOL;1;TRUE;Var147;360;400;440;5920;5940;5960
LOCATION, INTERFACE;Li_IVe2QFrR1;Q_FR;cde_gen_dj_qt_bimode/VE1/;BOOL;BOOL;1;TRUE;Var148;120;160;200;6000;6020;6040
LOCATION, INTERFACE;Li_IVe2QFrR2;Q_FR;cde_gen_dj_qt_bimode/VE1/;BOOL;BOOL;1;TRUE;Var149;360;400;440;6000;6020;6040
LOCATION, INTERFACE;Li_IVe2QMiTfpR1;Q_MH_TFP;sec_tfp/VE1/;BOOL;BOOL;1;TRUE;Var150;120;160;200;6080;6100;6120
LOCATION, INTERFACE;Li_IVe2QMiTfpR2;Q_MH_TFP;sec_tfp/VE1/;BOOL;BOOL;1;TRUE;Var151;360;400;440;6080;6100;6120
LOCATION, INTERFACE;Li_IVe2QSecTfpR1;Q_SEC_TFP;sec_tfp/VE1/;BOOL;BOOL;1;TRUE;Var152;120;160;200;6160;6180;6200
LOCATION, INTERFACE;Li_IVe2QSecTfpR2;Q_SEC_TFP;sec_tfp/VE1/;BOOL;BOOL;1;TRUE;Var153;360;400;440;6160;6180;6200
LOCATION, INTERFACE;Li_IVe2QZDePtR1;Q_Z_DE_PT;cde_panto/VE1/;BOOL;BOOL;1;TRUE;Var154;120;160;200;6240;6260;6280
LOCATION, INTERFACE;Li_IVe2QZDePtR2;Q_Z_DE_PT;cde_panto/VE1/;BOOL;BOOL;1;TRUE;Var155;360;400;440;6240;6260;6280
LOCATION, INTERFACE;Li_IVe2QZPtMtR1;Q_Z_MO_PT;cde_panto/VE1/;BOOL;BOOL;1;TRUE;Var156;120;160;200;6320;6340;6360
LOCATION, INTERFACE;Li_IVe2QZPtMtR2;Q_Z_MO_PT;cde_panto/VE1/;BOOL;BOOL;1;TRUE;Var157;360;400;440;6320;6340;6360
LOCATION, INTERFACE;Li_IVe2QZPtR1;Q_Z_PT;cde_panto/VE1/;BOOL;BOOL;1;TRUE;Var158;120;160;200;6400;6420;6440
LOCATION, INTERFACE;Li_IVe2QZPtR2;Q_Z_PT;cde_panto/VE1/;BOOL;BOOL;1;TRUE;Var159;360;400;440;6400;6420;6440
LOCATION, INTERFACE;Li_IVe2QZStartGrog;Q_Z_DMR_A_GROG;dem_arret_mot_diesel/VE1/;BOOL;BOOL;1;TRUE;Var160;120;160;200;6480;6500;6520
LOCATION, INTERFACE;Li_IVe2ZIsGrog1;Z_IS_GROG1_VE2;;DINT;BOOL;1;2;Var161;360;400;440;6480;6500;6520
LOCATION, INTERFACE;Li_IVe2ZIsGrog2;Z_IS_GROG2_VE2;;DINT;BOOL;1;2;Var162;120;160;200;6560;6580;6600
LOCATION, INTERFACE;Li_IVe2ZStopGrog;Z_DMR_A_GROG_VE2;;DINT;BOOL;1;3;Var163;360;400;440;6560;6580;6600
LOCATION, INTERFACE;Li_IVi2C1VtGvTfpR1;C1_VT_GV_TFP;cde_tfp/VC2/;BOOL;BOOL;1;TRUE;Var164;120;160;200;6640;6660;6680
LOCATION, INTERFACE;Li_IVi2C1VtGvTfpR2;C1_VT_GV_TFP;cde_tfp/VC2/;BOOL;BOOL;1;TRUE;Var165;360;400;440;6640;6660;6680
LOCATION, INTERFACE;Li_IVi2C2VtGvTfpR1;C2_VT_GV_TFP;cde_tfp/VC2/;BOOL;BOOL;1;TRUE;Var166;120;160;200;6720;6740;6760
LOCATION, INTERFACE;Li_IVi2C2VtGvTfpR2;C2_VT_GV_TFP;cde_tfp/VC2/;BOOL;BOOL;1;TRUE;Var167;360;400;440;6720;6740;6760
LOCATION, INTERFACE;Li_IVi2CcMPhTfpR1;CC_M_PH_TFP;puis_tfp/f05v_ve1_puis_tfp/;BOOL;BOOL;1;TRUE;Var168;120;160;200;6800;6820;6840
LOCATION, INTERFACE;Li_IVi2CcMPhTfpR2;CC_M_PH_TFP;puis_tfp/f05v_ve1_puis_tfp/;BOOL;BOOL;1;TRUE;Var169;360;400;440;6800;6820;6840
LOCATION, INTERFACE;Li_IVi2CcTfpR1;CC_TFP;sec_tfp/VE1/;BOOL;BOOL;1;TRUE;Var170;120;160;200;6880;6900;6920
LOCATION, INTERFACE;Li_IVi2CcTfpR2;CC_TFP;sec_tfp/VE1/;BOOL;BOOL;1;TRUE;Var171;360;400;440;6880;6900;6920
LOCATION, INTERFACE;Li_IVi2CcVtGvTfpR1;CC_VT_GV_TFP;puis_tfp/f05v_ve1_puis_tfp/;BOOL;BOOL;1;TRUE;Var172;120;160;200;6960;6980;7000
LOCATION, INTERFACE;Li_IVi2CcVtGvTfpR2;CC_VT_GV_TFP;puis_tfp/f05v_ve1_puis_tfp/;BOOL;BOOL;1;TRUE;Var173;360;400;440;6960;6980;7000
LOCATION, INTERFACE;Li_IVi2CcVtPvTfpR1;CC_VT_PV_TFP;puis_tfp/f05v_ve1_puis_tfp/;BOOL;BOOL;1;TRUE;Var174;120;160;200;7040;7060;7080
LOCATION, INTERFACE;Li_IVi2CcVtPvTfpR2;CC_VT_PV_TFP;puis_tfp/f05v_ve1_puis_tfp/;BOOL;BOOL;1;TRUE;Var175;360;400;440;7040;7060;7080
LOCATION, INTERFACE;Li_IVi2CcVtTfpR1;CC_VT_TFP;cde_tfp/VC2/;BOOL;BOOL;1;TRUE;Var176;120;160;200;7120;7140;7160
LOCATION, INTERFACE;Li_IVi2CcVtTfpR2;CC_VT_TFP;cde_tfp/VC2/;BOOL;BOOL;1;TRUE;Var177;360;400;440;7120;7140;7160
LOCATION, INTERFACE;Li_IVi2CMPhTfpR1;C_M_PH_TFP;cde_tfp/VC2/;BOOL;BOOL;1;TRUE;Var178;120;160;200;7200;7220;7240
LOCATION, INTERFACE;Li_IVi2CMPhTfpR2;C_M_PH_TFP;cde_tfp/VC2/;BOOL;BOOL;1;TRUE;Var179;360;400;440;7200;7220;7240
LOCATION, INTERFACE;Li_IVi2CVtPvTfpR1;C_VT_PV_TFP;cde_tfp/VC2/;BOOL;BOOL;1;TRUE;Var180;120;160;200;7280;7300;7320
LOCATION, INTERFACE;Li_IVi2CVtPvTfpR2;C_VT_PV_TFP;cde_tfp/VC2/;BOOL;BOOL;1;TRUE;Var181;360;400;440;7280;7300;7320
LOCATION, INTERFACE;Li_IVi2DjSiDfTfpR1;DJ_SI_DF_TFP;sec_tfp/VE1/;BOOL;BOOL;1;TRUE;Var182;120;160;200;7360;7380;7400
LOCATION, INTERFACE;Li_IVi2DjSiDfTfpR2;DJ_SI_DF_TFP;sec_tfp/VE1/;BOOL;BOOL;1;TRUE;Var183;360;400;440;7360;7380;7400
LOCATION, INTERFACE;Li_IVi2QDfCiTfpR1;Q_DF_CI_TFP;sec_tfp/VE1/;BOOL;BOOL;1;TRUE;Var184;120;160;200;7440;7460;7480
LOCATION, INTERFACE;Li_IVi2QDfCiTfpR2;Q_DF_CI_TFP;sec_tfp/VE1/;BOOL;BOOL;1;TRUE;Var185;360;400;440;7440;7460;7480
LOCATION, INTERFACE;Li_IVi2QDfTfpR1;Q_DF_TFP;sec_tfp/VE1/;BOOL;BOOL;1;TRUE;Var186;120;160;200;7520;7540;7560
LOCATION, INTERFACE;Li_IVi2QDfTfpR2;Q_DF_TFP;sec_tfp/VE1/;BOOL;BOOL;1;TRUE;Var187;360;400;440;7520;7540;7560
LOCATION, INTERFACE;Li_IVi2QMiTfpR1;Q_MH_TFP;sec_tfp/VE1/;BOOL;BOOL;1;TRUE;Var188;120;160;200;7600;7620;7640
LOCATION, INTERFACE;Li_IVi2QMiTfpR2;Q_MH_TFP;sec_tfp/VE1/;BOOL;BOOL;1;TRUE;Var189;360;400;440;7600;7620;7640
LOCATION, INTERFACE;Li_IViuC1Vt1GvTfpR1;C1_VT1_GV_TFP;cde_tfp/VIUFR/;BOOL;BOOL;1;TRUE;Var190;120;160;200;7680;7700;7720
LOCATION, INTERFACE;Li_IViuC1Vt1GvTfpR2;C1_VT1_GV_TFP;cde_tfp/VIUFR/;BOOL;BOOL;1;TRUE;Var191;360;400;440;7680;7700;7720
LOCATION, INTERFACE;Li_IViuC1Vt2GvTfpR1;C1_VT2_GV_TFP;cde_tfp/VIUFR/;BOOL;BOOL;1;TRUE;Var192;120;160;200;7760;7780;7800
LOCATION, INTERFACE;Li_IViuC1Vt2GvTfpR2;C1_VT2_GV_TFP;cde_tfp/VIUFR/;BOOL;BOOL;1;TRUE;Var193;360;400;440;7760;7780;7800
LOCATION, INTERFACE;Li_IViuC2Vt1GvTfpR1;C2_VT1_GV_TFP;cde_tfp/VIUFR/;BOOL;BOOL;1;TRUE;Var194;120;160;200;7840;7860;7880
LOCATION, INTERFACE;Li_IViuC2Vt1GvTfpR2;C2_VT1_GV_TFP;cde_tfp/VIUFR/;BOOL;BOOL;1;TRUE;Var195;360;400;440;7840;7860;7880
LOCATION, INTERFACE;Li_IViuC2Vt2GvTfpR1;C2_VT2_GV_TFP;cde_tfp/VIUFR/;BOOL;BOOL;1;TRUE;Var196;120;160;200;7920;7940;7960
LOCATION, INTERFACE;Li_IViuC2Vt2GvTfpR2;C2_VT2_GV_TFP;cde_tfp/VIUFR/;BOOL;BOOL;1;TRUE;Var197;360;400;440;7920;7940;7960
LOCATION, INTERFACE;Li_IViuCc1QppR1;CC1_Q_PP;palpage/VIUFR/;BOOL;BOOL;1;TRUE;Var198;120;160;200;8000;8020;8040
LOCATION, INTERFACE;Li_IViuCc1QppR2;CC1_Q_PP;palpage/VIUFR/;BOOL;BOOL;1;TRUE;Var199;360;400;440;8000;8020;8040
LOCATION, INTERFACE;Li_IViuCc2QppR1;CC2_Q_PP;palpage/VIUFR/;BOOL;BOOL;1;TRUE;Var200;120;160;200;8080;8100;8120
LOCATION, INTERFACE;Li_IViuCc2QppR2;CC2_Q_PP;palpage/VIUFR/;BOOL;BOOL;1;TRUE;Var201;360;400;440;8080;8100;8120
LOCATION, INTERFACE;Li_IViuCcco1Pt;CC_CO_PT;cde_panto/VE1/;BOOL;BOOL;1;TRUE;Var202;120;160;200;8160;8180;8200
LOCATION, INTERFACE;Li_IViuCcco2Pt;CC_CO_PT;cde_panto/VE1/;BOOL;BOOL;1;TRUE;Var203;360;400;440;8160;8180;8200
LOCATION, INTERFACE;Li_IViuCcCoDjTfpR1;CC_CO_DJ_TFP;palpage/VIUFR/;BOOL;BOOL;1;TRUE;Var204;120;160;200;8240;8260;8280
LOCATION, INTERFACE;Li_IViuCcCoDjTfpR2;CC_CO_DJ_TFP;palpage/VIUFR/;BOOL;BOOL;1;TRUE;Var205;360;400;440;8240;8260;8280
LOCATION, INTERFACE;Li_IViuCcDmrGrogR1;CC_DMR_GROG;dem_arret_mot_diesel/VE1/;BOOL;BOOL;1;TRUE;Var206;120;160;200;8320;8340;8360
LOCATION, INTERFACE;Li_IViuCcDmrGrogR2;CC_DMR_GROG;dem_arret_mot_diesel/VE1/;BOOL;BOOL;1;TRUE;Var207;360;400;440;8320;8340;8360
LOCATION, INTERFACE;Li_IViuCcMPh1TfpR1;CC_M_PH1_TFP;puis_tfp/f05v_viufr_puis_tfp/;BOOL;BOOL;1;TRUE;Var208;120;160;200;8400;8420;8440
LOCATION, INTERFACE;Li_IViuCcMPh1TfpR2;CC_M_PH1_TFP;puis_tfp/f05v_viufr_puis_tfp/;BOOL;BOOL;1;TRUE;Var209;360;400;440;8400;8420;8440
LOCATION, INTERFACE;Li_IViuCcMPh2TfpR1;CC_M_PH2_TFP;puis_tfp/f05v_viufr_puis_tfp/;BOOL;BOOL;1;TRUE;Var210;120;160;200;8480;8500;8520
LOCATION, INTERFACE;Li_IViuCcMPh2TfpR2;CC_M_PH2_TFP;puis_tfp/f05v_viufr_puis_tfp/;BOOL;BOOL;1;TRUE;Var211;360;400;440;8480;8500;8520
LOCATION, INTERFACE;Li_IViuCcpehocR1;CC_PE_H_O_C;f05i_viufr_cde_hoc/;BOOL;BOOL;1;TRUE;Var212;120;160;200;8560;8580;8600
LOCATION, INTERFACE;Li_IViuCcpehocR2;CC_PE_H_O_C;f05i_viufr_cde_hoc/;BOOL;BOOL;1;TRUE;Var213;360;400;440;8560;8580;8600
LOCATION, INTERFACE;Li_IViuCcQtR1;CC_QT;cde_qt/VIUFR/;BOOL;BOOL;1;TRUE;Var214;120;160;200;8640;8660;8680
LOCATION, INTERFACE;Li_IViuCcQtR2;CC_QT;cde_qt/VIUFR/;BOOL;BOOL;1;TRUE;Var215;360;400;440;8640;8660;8680
LOCATION, INTERFACE;Li_IViuCcTt1;CC_TT;palpage/VIUFR/;BOOL;BOOL;1;TRUE;Var216;120;160;200;8720;8740;8760
LOCATION, INTERFACE;Li_IViuCcTt2;CC_TT;palpage/VIUFR/;BOOL;BOOL;1;TRUE;Var217;360;400;440;8720;8740;8760
LOCATION, INTERFACE;Li_IViuCcVt1GvTfpR1;CC_VT1_GV_TFP;puis_tfp/f05v_viufr_puis_tfp/;BOOL;BOOL;1;TRUE;Var218;120;160;200;8800;8820;8840
LOCATION, INTERFACE;Li_IViuCcVt1GvTfpR2;CC_VT1_GV_TFP;puis_tfp/f05v_viufr_puis_tfp/;BOOL;BOOL;1;TRUE;Var219;360;400;440;8800;8820;8840
LOCATION, INTERFACE;Li_IViuCcVt1PvTfpR1;CC_VT1_PV_TFP;puis_tfp/f05v_viufr_puis_tfp/;BOOL;BOOL;1;TRUE;Var220;120;160;200;8880;8900;8920
LOCATION, INTERFACE;Li_IViuCcVt1PvTfpR2;CC_VT1_PV_TFP;puis_tfp/f05v_viufr_puis_tfp/;BOOL;BOOL;1;TRUE;Var221;360;400;440;8880;8900;8920
LOCATION, INTERFACE;Li_IViuCcVt1TfpR1;CC_VT1_TFP;cde_tfp/VIUFR/;BOOL;BOOL;1;TRUE;Var222;120;160;200;8960;8980;9000
LOCATION, INTERFACE;Li_IViuCcVt1TfpR2;CC_VT1_TFP;cde_tfp/VIUFR/;BOOL;BOOL;1;TRUE;Var223;360;400;440;8960;8980;9000
LOCATION, INTERFACE;Li_IViuCcVt2GvTfpR1;CC_VT2_GV_TFP;puis_tfp/f05v_viufr_puis_tfp/;BOOL;BOOL;1;TRUE;Var224;120;160;200;9040;9060;9080
LOCATION, INTERFACE;Li_IViuCcVt2GvTfpR2;CC_VT2_GV_TFP;puis_tfp/f05v_viufr_puis_tfp/;BOOL;BOOL;1;TRUE;Var225;360;400;440;9040;9060;9080
LOCATION, INTERFACE;Li_IViuCcVt2PvTfpR1;CC_VT2_PV_TFP;puis_tfp/f05v_viufr_puis_tfp/;BOOL;BOOL;1;TRUE;Var226;120;160;200;9120;9140;9160
LOCATION, INTERFACE;Li_IViuCcVt2PvTfpR2;CC_VT2_PV_TFP;puis_tfp/f05v_viufr_puis_tfp/;BOOL;BOOL;1;TRUE;Var227;360;400;440;9120;9140;9160
LOCATION, INTERFACE;Li_IViuCcVt2TfpR1;CC_VT2_TFP;cde_tfp/VIUFR/;BOOL;BOOL;1;TRUE;Var228;120;160;200;9200;9220;9240
LOCATION, INTERFACE;Li_IViuCcVt2TfpR2;CC_VT2_TFP;cde_tfp/VIUFR/;BOOL;BOOL;1;TRUE;Var229;360;400;440;9200;9220;9240
LOCATION, INTERFACE;Li_IViuCMPh1TfpR1;C_M_PH1_TFP;cde_tfp/VIUFR/;BOOL;BOOL;1;TRUE;Var230;120;160;200;9280;9300;9320
LOCATION, INTERFACE;Li_IViuCMPh1TfpR2;C_M_PH1_TFP;cde_tfp/VIUFR/;BOOL;BOOL;1;TRUE;Var231;360;400;440;9280;9300;9320
LOCATION, INTERFACE;Li_IViuCMPh2TfpR1;C_M_PH2_TFP;cde_tfp/VIUFR/;BOOL;BOOL;1;TRUE;Var232;120;160;200;9360;9380;9400
LOCATION, INTERFACE;Li_IViuCMPh2TfpR2;C_M_PH2_TFP;cde_tfp/VIUFR/;BOOL;BOOL;1;TRUE;Var233;360;400;440;9360;9380;9400
LOCATION, INTERFACE;Li_IViuCVt1PvTfpR1;C_VT1_PV_TFP;cde_tfp/VIUFR/;BOOL;BOOL;1;TRUE;Var234;120;160;200;9440;9460;9480
LOCATION, INTERFACE;Li_IViuCVt1PvTfpR2;C_VT1_PV_TFP;cde_tfp/VIUFR/;BOOL;BOOL;1;TRUE;Var235;360;400;440;9440;9460;9480
LOCATION, INTERFACE;Li_IViuCVt2PvTfpR1;C_VT2_PV_TFP;cde_tfp/VIUFR/;BOOL;BOOL;1;TRUE;Var236;120;160;200;9520;9540;9560
LOCATION, INTERFACE;Li_IViuCVt2PvTfpR2;C_VT2_PV_TFP;cde_tfp/VIUFR/;BOOL;BOOL;1;TRUE;Var237;360;400;440;9520;9540;9560
LOCATION, INTERFACE;Li_IViuDefQPp1R1;Default_carte_1;;BOOL;BOOL;1;TRUE;Var238;120;160;200;9600;9620;9640
LOCATION, INTERFACE;Li_IViuDefQPp1R2;Default_carte_1;;BOOL;BOOL;1;TRUE;Var239;360;400;440;9600;9620;9640
LOCATION, INTERFACE;Li_IViuDefQPp2R1;Default_carte_2;;BOOL;BOOL;1;TRUE;Var240;120;160;200;9680;9700;9720
LOCATION, INTERFACE;Li_IViuDefQPp2R2;Default_carte_2;;BOOL;BOOL;1;TRUE;Var241;360;400;440;9680;9700;9720
LOCATION, INTERFACE;Li_IViuDj1SiDfTfpR1;DJ1_SI_DF_TFP;sec_tfp/VIUFR/;BOOL;BOOL;1;TRUE;Var242;120;160;200;9760;9780;9800
LOCATION, INTERFACE;Li_IViuDj1SiDfTfpR2;DJ1_SI_DF_TFP;sec_tfp/VIUFR/;BOOL;BOOL;1;TRUE;Var243;360;400;440;9760;9780;9800
LOCATION, INTERFACE;Li_IViuDj2SiDfTfpR1;DJ2_SI_DF_TFP;sec_tfp/VIUFR/;BOOL;BOOL;1;TRUE;Var244;120;160;200;9840;9860;9880
LOCATION, INTERFACE;Li_IViuDj2SiDfTfpR2;DJ2_SI_DF_TFP;sec_tfp/VIUFR/;BOOL;BOOL;1;TRUE;Var245;360;400;440;9840;9860;9880
LOCATION, INTERFACE;Li_IViuDjc1R1;DJ_C_1;cde_locale_dj_viufr/VIUFR/;BOOL;BOOL;1;TRUE;Var246;120;160;200;9920;9940;9960
LOCATION, INTERFACE;Li_IViuDjc1R2;DJ_C_1;cde_locale_dj_viufr/VIUFR/;BOOL;BOOL;1;TRUE;Var247;360;400;440;9920;9940;9960
LOCATION, INTERFACE;Li_IViuDjc2R1;DJ_C_2;cde_locale_dj_viufr/VIUFR/;BOOL;BOOL;1;TRUE;Var248;120;160;200;10000;10020;10040
LOCATION, INTERFACE;Li_IViuDjc2R2;DJ_C_2;cde_locale_dj_viufr/VIUFR/;BOOL;BOOL;1;TRUE;Var249;360;400;440;10000;10020;10040
LOCATION, INTERFACE;Li_IViuDjIsPtR1;DJ_IS_PT;isol_dj/f05p_viufr_isol_dj/;BOOL;BOOL;1;TRUE;Var250;120;160;200;10080;10100;10120
LOCATION, INTERFACE;Li_IViuDjIsPtR2;DJ_IS_PT;isol_dj/f05p_viufr_isol_dj/;BOOL;BOOL;1;TRUE;Var251;360;400;440;10080;10100;10120
LOCATION, INTERFACE;Li_IViuDjmR1;Electrovanne_DJM;cde_locale_dj_viufr/VIUFR/;BOOL;BOOL;1;TRUE;Var252;120;160;200;10160;10180;10200
LOCATION, INTERFACE;Li_IViuDjmR2;Electrovanne_DJM;cde_locale_dj_viufr/VIUFR/;BOOL;BOOL;1;TRUE;Var253;360;400;440;10160;10180;10200
LOCATION, INTERFACE;Li_IViuHoccR1;Q_H_O_C_C;f05i_viufr_cde_hoc/;BOOL;BOOL;1;TRUE;Var254;120;160;200;10240;10260;10280
LOCATION, INTERFACE;Li_IViuHoccR2;Q_H_O_C_C;f05i_viufr_cde_hoc/;BOOL;BOOL;1;TRUE;Var255;360;400;440;10240;10260;10280
LOCATION, INTERFACE;Li_IViuHocoR1;Q_H_O_C_O;f05i_viufr_cde_hoc/;BOOL;BOOL;1;TRUE;Var256;120;160;200;10320;10340;10360
LOCATION, INTERFACE;Li_IViuHocoR2;Q_H_O_C_O;f05i_viufr_cde_hoc/;BOOL;BOOL;1;TRUE;Var257;360;400;440;10320;10340;10360
LOCATION, INTERFACE;Li_IViuMaSuPt1;MA_SU_PT1;;BOOL;BOOL;1;TRUE;Var258;120;160;200;10400;10420;10440
LOCATION, INTERFACE;Li_IViuMaSuPt2;MA_SU_PT2;;BOOL;BOOL;1;TRUE;Var259;360;400;440;10400;10420;10440
LOCATION, INTERFACE;Li_IViuNoSuriDjc1;SURIDJ_C_1;;BOOL;BOOL;1;TRUE;Var260;120;160;200;10480;10500;10520
LOCATION, INTERFACE;Li_IViuNoSuriDjc2;SURIDJ_C_2;;BOOL;BOOL;1;TRUE;Var261;360;400;440;10480;10500;10520
LOCATION, INTERFACE;Li_IViuQ1aDj;Q1_A_DJ;cde_gen_dj_qt/VIUFR/;BOOL;BOOL;1;TRUE;Var262;120;160;200;10560;10580;10600
LOCATION, INTERFACE;Li_IViuQ1DfCiTfpR1;Q1_DF_CI_TFP;sec_tfp/VIUFR/;BOOL;BOOL;1;TRUE;Var263;360;400;440;10560;10580;10600
LOCATION, INTERFACE;Li_IViuQ1DfCiTfpR2;Q1_DF_CI_TFP;sec_tfp/VIUFR/;BOOL;BOOL;1;TRUE;Var264;120;160;200;10640;10660;10680
LOCATION, INTERFACE;Li_IViuQ1DfTfpR1;Q1_DF_TFP;sec_tfp/VIUFR/;BOOL;BOOL;1;TRUE;Var265;360;400;440;10640;10660;10680
LOCATION, INTERFACE;Li_IViuQ1DfTfpR2;Q1_DF_TFP;sec_tfp/VIUFR/;BOOL;BOOL;1;TRUE;Var266;120;160;200;10720;10740;10760
LOCATION, INTERFACE;Li_IViuQ1FrDjR1;Q1_FR_DJ;cde_gen_dj_qt/VIUFR/;BOOL;BOOL;1;TRUE;Var267;360;400;440;10720;10740;10760
LOCATION, INTERFACE;Li_IViuQ1FrDjR2;Q1_FR_DJ;cde_gen_dj_qt/VIUFR/;BOOL;BOOL;1;TRUE;Var268;120;160;200;10800;10820;10840
LOCATION, INTERFACE;Li_IViuQ1MiTfpR1;Q1_MI_TFP;sec_tfp/VIUFR/;BOOL;BOOL;1;TRUE;Var269;360;400;440;10800;10820;10840
LOCATION, INTERFACE;Li_IViuQ1MiTfpR2;Q1_MI_TFP;sec_tfp/VIUFR/;BOOL;BOOL;1;TRUE;Var270;120;160;200;10880;10900;10920
LOCATION, INTERFACE;Li_IViuQ1Pt;Q1_PT;cde_panto/VIUFR/;BOOL;BOOL;1;TRUE;Var271;360;400;440;10880;10900;10920
LOCATION, INTERFACE;Li_IViuQ1SeFrR1;Q1_SE_FR;cde_gen_dj_qt_bimode/VIUFR/;BOOL;BOOL;1;TRUE;Var272;120;160;200;10960;10980;11000
LOCATION, INTERFACE;Li_IViuQ1SeFrR2;Q1_SE_FR;cde_gen_dj_qt_bimode/VIUFR/;BOOL;BOOL;1;TRUE;Var273;360;400;440;10960;10980;11000
LOCATION, INTERFACE;Li_IViuQ1ZPt1;Q1_Z_PT1;cde_panto/VIUFR/;BOOL;BOOL;1;TRUE;Var274;120;160;200;11040;11060;11080
LOCATION, INTERFACE;Li_IViuQ1ZPt2;Q1_Z_PT2;cde_panto/VIUFR/;BOOL;BOOL;1;TRUE;Var275;360;400;440;11040;11060;11080
LOCATION, INTERFACE;Li_IViuQ2aDj;Q2_A_DJ;cde_gen_dj_qt/VIUFR/;BOOL;BOOL;1;TRUE;Var276;120;160;200;11120;11140;11160
LOCATION, INTERFACE;Li_IViuQ2FrDjR1;Q2_FR_DJ;cde_gen_dj_qt/VIUFR/;BOOL;BOOL;1;TRUE;Var277;360;400;440;11120;11140;11160
LOCATION, INTERFACE;Li_IViuQ2FrDjR2;Q2_FR_DJ;cde_gen_dj_qt/VIUFR/;BOOL;BOOL;1;TRUE;Var278;120;160;200;11200;11220;11240
LOCATION, INTERFACE;Li_IViuQ2MaSuPtR1;Q2_MA_SU_PT;cde_panto/VIUFR/;BOOL;BOOL;1;TRUE;Var279;360;400;440;11200;11220;11240
LOCATION, INTERFACE;Li_IViuQ2MaSuPtR2;Q2_MA_SU_PT;cde_panto/VIUFR/;BOOL;BOOL;1;TRUE;Var280;120;160;200;11280;11300;11320
LOCATION, INTERFACE;Li_IViuQ2MiTfpR1;Q2_MI_TFP;sec_tfp/VIUFR/;BOOL;BOOL;1;TRUE;Var281;360;400;440;11280;11300;11320
LOCATION, INTERFACE;Li_IViuQ2MiTfpR2;Q2_MI_TFP;sec_tfp/VIUFR/;BOOL;BOOL;1;TRUE;Var282;120;160;200;11360;11380;11400
LOCATION, INTERFACE;Li_IViuQ2Pt;Q2_PT;cde_panto/VIUFR/;BOOL;BOOL;1;TRUE;Var283;360;400;440;11360;11380;11400
LOCATION, INTERFACE;Li_IViuQ2ZPt1;Q2_Z_PT1;cde_panto/VIUFR/;BOOL;BOOL;1;TRUE;Var284;120;160;200;11440;11460;11480
LOCATION, INTERFACE;Li_IViuQ2ZPt2;Q2_Z_PT2;cde_panto/VIUFR/;BOOL;BOOL;1;TRUE;Var285;360;400;440;11440;11460;11480
LOCATION, INTERFACE;Li_IViuQ3FrDjR1;Q3_FR_DJ;cde_locale_dj_viufr/VIUFR/;BOOL;BOOL;1;TRUE;Var286;120;160;200;11520;11540;11560
LOCATION, INTERFACE;Li_IViuQ3FrDjR2;Q3_FR_DJ;cde_locale_dj_viufr/VIUFR/;BOOL;BOOL;1;TRUE;Var287;360;400;440;11520;11540;11560
LOCATION, INTERFACE;Li_IViuQDetQtR1;Q_DET_QT;cde_gen_dj_qt/VE1/;BOOL;BOOL;1;TRUE;Var288;120;160;200;11600;11620;11640
LOCATION, INTERFACE;Li_IViuQDetQtR2;Q_DET_QT;cde_gen_dj_qt/VE1/;BOOL;BOOL;1;TRUE;Var289;360;400;440;11600;11620;11640
LOCATION, INTERFACE;Li_IViuQDR1;Q_D;cde_gen_dj_qt/VIUFR/;BOOL;BOOL;1;TRUE;Var290;120;160;200;11680;11700;11720
LOCATION, INTERFACE;Li_IViuQDR2;Q_D;cde_gen_dj_qt/VIUFR/;BOOL;BOOL;1;TRUE;Var291;360;400;440;11680;11700;11720
LOCATION, INTERFACE;Li_IViuQIsPtR1;Q_IS_PT;isol_dj/f05p_viufr_isol_dj/;BOOL;BOOL;1;TRUE;Var292;120;160;200;11760;11780;11800
LOCATION, INTERFACE;Li_IViuQIsPtR2;Q_IS_PT;isol_dj/f05p_viufr_isol_dj/;BOOL;BOOL;1;TRUE;Var293;360;400;440;11760;11780;11800
LOCATION, INTERFACE;Li_IViuQlm1;QL_M1;;BOOL;BOOL;1;TRUE;Var294;120;160;200;11840;11860;11880
LOCATION, INTERFACE;Li_IViuQlm2;QL_M2;;BOOL;BOOL;1;TRUE;Var295;360;400;440;11840;11860;11880
LOCATION, INTERFACE;Li_IViuQNoDefPtR1;Q_NO_DEF_PT;cde_panto/VIUFR/;BOOL;BOOL;1;TRUE;Var296;120;160;200;11920;11940;11960
LOCATION, INTERFACE;Li_IViuQNoDefPtR2;Q_NO_DEF_PT;cde_panto/VIUFR/;BOOL;BOOL;1;TRUE;Var297;360;400;440;11920;11940;11960
LOCATION, INTERFACE;Li_IViuQq3C30R1;QQ3_C_30;palpage/VIUFR/;BOOL;BOOL;1;TRUE;Var298;120;160;200;12000;12020;12040
LOCATION, INTERFACE;Li_IViuQq3C30R2;QQ3_C_30;palpage/VIUFR/;BOOL;BOOL;1;TRUE;Var299;360;400;440;12000;12020;12040
LOCATION, INTERFACE;Li_IViuQq3M30R1;QQ3_M_30;palpage/VIUFR/;BOOL;BOOL;1;TRUE;Var300;120;160;200;12080;12100;12120
LOCATION, INTERFACE;Li_IViuQq3M30R2;QQ3_M_30;palpage/VIUFR/;BOOL;BOOL;1;TRUE;Var301;360;400;440;12080;12100;12120
LOCATION, INTERFACE;Li_IViuQq3P16R1;QQ3_PP_16;palpage/VIUFR/;BOOL;BOOL;1;TRUE;Var302;120;160;200;12160;12180;12200
LOCATION, INTERFACE;Li_IViuQq3P16R2;QQ3_PP_16;palpage/VIUFR/;BOOL;BOOL;1;TRUE;Var303;360;400;440;12160;12180;12200
LOCATION, INTERFACE;Li_IViuQq4C30R1;QQ4_C_30;palpage/VIUFR/;BOOL;BOOL;1;TRUE;Var304;120;160;200;12240;12260;12280
LOCATION, INTERFACE;Li_IViuQq4C30R2;QQ4_C_30;palpage/VIUFR/;BOOL;BOOL;1;TRUE;Var305;360;400;440;12240;12260;12280
LOCATION, INTERFACE;Li_IViuQq4M30R1;QQ4_M_30;palpage/VIUFR/;BOOL;BOOL;1;TRUE;Var306;120;160;200;12320;12340;12360
LOCATION, INTERFACE;Li_IViuQq4M30R2;QQ4_M_30;palpage/VIUFR/;BOOL;BOOL;1;TRUE;Var307;360;400;440;12320;12340;12360
LOCATION, INTERFACE;Li_IViuQq4P16R1;QQ4_PP_16;palpage/VIUFR/;BOOL;BOOL;1;TRUE;Var308;120;160;200;12400;12420;12440
LOCATION, INTERFACE;Li_IViuQq4P16R2;QQ4_PP_16;palpage/VIUFR/;BOOL;BOOL;1;TRUE;Var309;360;400;440;12400;12420;12440
LOCATION, INTERFACE;Li_IViuQTZPTR1;Q_T_Z_PT;palpage/VIUFR/;BOOL;BOOL;1;TRUE;Var310;120;160;200;12480;12500;12520
LOCATION, INTERFACE;Li_IViuQTZPTR2;Q_T_Z_PT;palpage/VIUFR/;BOOL;BOOL;1;TRUE;Var311;360;400;440;12480;12500;12520
LOCATION, INTERFACE;Li_IViuSelQq1C30R1;QQ1_C_30;palpage/VIUFR/;BOOL;BOOL;1;TRUE;Var312;120;160;200;12560;12580;12600
LOCATION, INTERFACE;Li_IViuSelQq1C30R2;QQ1_C_30;palpage/VIUFR/;BOOL;BOOL;1;TRUE;Var313;360;400;440;12560;12580;12600
LOCATION, INTERFACE;Li_IViuSelQq2C30R1;QQ2_C_30;palpage/VIUFR/;BOOL;BOOL;1;TRUE;Var314;120;160;200;12640;12660;12680
LOCATION, INTERFACE;Li_IViuSelQq2C30R2;QQ2_C_30;palpage/VIUFR/;BOOL;BOOL;1;TRUE;Var315;360;400;440;12640;12660;12680
LOCATION, INTERFACE;Li_IViuSelQq2M30R1;QQ2_M_30;palpage/VIUFR/;BOOL;BOOL;1;TRUE;Var316;120;160;200;12720;12740;12760
LOCATION, INTERFACE;Li_IViuSelQq2M30R2;QQ2_M_30;palpage/VIUFR/;BOOL;BOOL;1;TRUE;Var317;360;400;440;12720;12740;12760
LOCATION, INTERFACE;Li_IViuSelQq2P16R1;QQ2_PP_16;palpage/VIUFR/;BOOL;BOOL;1;TRUE;Var318;120;160;200;12800;12820;12840
LOCATION, INTERFACE;Li_IViuSelQq2P16R2;QQ2_PP_16;palpage/VIUFR/;BOOL;BOOL;1;TRUE;Var319;360;400;440;12800;12820;12840
